ts,reason,trade_side,mid_at_trigger,mid_move_bps,tfi,trade_px,overlap_group,overlap_reasons,nearest_other_reason,nearest_other_dt_ms,ret_1s_bps,ret_3s_bps,ret_5s_bps
1776997585.3574376,quote_fade,,2323.705,-6.601469095662618,-0.7151467089611419,,overlap_quote_fade_cancel_aggressive,cancel_aggressive|quote_fade,cancel_aggressive,749.9232292175293,0.0,-0.3012430579600636,-0.3012430579600636
1776997586.1073608,cancel_aggressive,sell,,,-0.7204669260700388,2323.7,overlap_quote_fade_cancel_aggressive,cancel_aggressive|quote_fade,quote_fade,749.9232292175293,,,
1776997586.364842,cancel_aggressive,sell,,,-0.7204669260700388,2323.7,single_cancel_aggressive,cancel_aggressive,,,,,
1776997586.6071718,cancel_aggressive,sell,,,-0.7211613103555347,2323.63,single_cancel_aggressive,cancel_aggressive,,,,,
1776997586.8695314,cancel_aggressive,sell,,,-0.7211613103555347,2323.63,overlap_quote_fade_cancel_aggressive,cancel_aggressive|quote_fade,quote_fade,994.4696426391602,,,
1776997587.109352,cancel_aggressive,sell,,,-0.7211613103555347,2323.63,overlap_quote_fade_cancel_aggressive,cancel_aggressive|quote_fade,quote_fade,754.6489238739014,,,
1776997587.3713992,cancel_aggressive,sell,,,-0.7211613103555347,2323.63,overlap_quote_fade_cancel_aggressive,cancel_aggressive|quote_fade,quote_fade,492.6018714904785,,,
1776997587.6071825,cancel_aggressive,sell,,,-0.7211613103555347,2323.63,overlap_quote_fade_cancel_aggressive,cancel_aggressive|quote_fade,quote_fade,256.8185329437256,,,
1776997587.864001,quote_fade,,2323.635,-4.495242355935519,-0.7211613103555347,,overlap_quote_fade_cancel_aggressive,cancel_aggressive|quote_fade,cancel_aggressive,244.55714225769043,0.0,-0.3442881519684771,-0.3442881519684771
1776997588.1085582,cancel_aggressive,sell,,,-0.7211613103555347,2323.63,overlap_quote_fade_cancel_aggressive,cancel_aggressive|quote_fade,quote_fade,244.55714225769043,,,
1776997588.3804708,cancel_aggressive,sell,,,-0.7211613103555347,2323.63,overlap_quote_fade_cancel_aggressive,cancel_aggressive|quote_fade,quote_fade,227.3247241973877,,,
1776997588.6077955,quote_fade,,2323.635,-14.975592148233321,-0.7211613103555347,,overlap_quote_fade_cancel_aggressive,cancel_aggressive|quote_fade,cancel_aggressive,227.3247241973877,0.0,-0.3442881519684771,-0.3442881519684771
1776997588.8791406,cancel_aggressive,sell,,,-0.7211613103555347,2323.63,overlap_quote_fade_cancel_aggressive,cancel_aggressive|quote_fade,quote_fade,271.3451385498047,,,
1776997589.1066685,cancel_aggressive,sell,,,-0.7211613103555347,2323.63,overlap_quote_fade_cancel_aggressive,cancel_aggressive|quote_fade,quote_fade,498.8729953765869,,,
1776997589.3783138,cancel_aggressive,sell,,,-0.7211613103555347,2323.63,overlap_quote_fade_cancel_aggressive,cancel_aggressive|quote_fade,quote_fade,232.35201835632324,,,
1776997589.6106658,quote_fade,,2323.635,-14.35339872581418,-0.7211613103555347,,overlap_quote_fade_cancel_aggressive,cancel_aggressive|quote_fade,cancel_aggressive,232.35201835632324,0.0,-0.3442881519684771,-0.3442881519684771
1776997589.8776314,cancel_aggressive,sell,,,-0.7211613103555347,2323.63,overlap_quote_fade_cancel_aggressive,cancel_aggressive|quote_fade,quote_fade,266.9656276702881,,,
1776997590.110268,cancel_aggressive,sell,,,-0.7211613103555347,2323.63,overlap_quote_fade_cancel_aggressive,cancel_aggressive|quote_fade,quote_fade,496.65284156799316,,,
1776997590.3752506,cancel_aggressive,sell,,,-0.7211613103555347,2323.63,overlap_quote_fade_cancel_aggressive,cancel_aggressive|quote_fade,quote_fade,231.67037963867188,,,
1776997590.606921,quote_fade,,2323.635,-4.1512518282702,-0.7211613103555347,,overlap_quote_fade_cancel_aggressive,cancel_aggressive|quote_fade,cancel_aggressive,231.67037963867188,-0.3442881519684771,-0.3442881519684771,-0.3442881519684771
1776997590.8594673,quote_fade,,2323.635,-6.451238315194601,-0.7211613103555347,,overlap_quote_fade_cancel_aggressive,cancel_aggressive|quote_fade,cancel_aggressive,248.2907772064209,-0.3442881519684771,-0.3442881519684771,-0.3442881519684771
1776997591.107758,cancel_aggressive,sell,,,0.8439955106621773,2323.63,overlap_quote_fade_cancel_aggressive,cancel_aggressive|quote_fade,quote_fade,248.2907772064209,,,
1776997591.374091,cancel_aggressive,sell,,,0.8439955106621773,2323.63,overlap_quote_fade_cancel_aggressive,cancel_aggressive|quote_fade,quote_fade,514.6236419677734,,,
1776997591.6072052,cancel_aggressive,sell,,,0.8439955106621773,2323.63,overlap_quote_fade_cancel_aggressive,cancel_aggressive|quote_fade,quote_fade,499.58229064941406,,,
1776997591.871743,cancel_aggressive,sell,,,0.9939320388349514,2323.55,overlap_quote_fade_cancel_aggressive,cancel_aggressive|quote_fade,quote_fade,235.0444793701172,,,
1776997592.1067874,quote_fade,,2323.5550000000003,-10.898116581902912,0.9939320388349514,,overlap_quote_fade_cancel_aggressive,cancel_aggressive|quote_fade,cancel_aggressive,235.0444793701172,0.0,0.0,1.2480875210613203
1776997592.3700476,quote_fade,,2323.5550000000003,10.555317402705729,0.9735735735735737,,overlap_quote_fade_cancel_aggressive,cancel_aggressive|quote_fade,cancel_aggressive,258.5177421569824,0.0,0.0,1.2480875210613203
1776997592.6285653,cancel_aggressive,sell,,,0.9735735735735737,2323.55,overlap_quote_fade_cancel_aggressive,cancel_aggressive|quote_fade,quote_fade,258.5177421569824,,,
1776997592.887389,cancel_aggressive,sell,,,0.9735735735735737,2323.55,overlap_quote_fade_cancel_aggressive,cancel_aggressive|quote_fade,quote_fade,517.3413753509521,,,
1776997593.1511805,cancel_aggressive,sell,,,0.9735735735735737,2323.55,overlap_quote_fade_cancel_aggressive,cancel_aggressive|quote_fade,quote_fade,781.1329364776611,,,
1776997593.3965065,cancel_aggressive,sell,,,0.9735735735735737,2323.55,single_cancel_aggressive,cancel_aggressive,,,,,
1776997593.6601567,cancel_aggressive,sell,,,0.9735735735735737,2323.55,single_cancel_aggressive,cancel_aggressive,,,,,
1776997593.9072356,cancel_aggressive,sell,,,0.8649262202043132,2323.55,single_cancel_aggressive,cancel_aggressive,,,,,
1776997594.164042,cancel_aggressive,buy,,,0.865079365079365,2323.56,overlap_quote_fade_cancel_aggressive,cancel_aggressive|quote_fade,quote_fade,744.2367076873779,,,
1776997594.4073665,cancel_aggressive,buy,,,0.865079365079365,2323.56,overlap_quote_fade_cancel_aggressive,cancel_aggressive|quote_fade,quote_fade,500.9121894836426,,,
1776997594.6624494,cancel_aggressive,buy,,,0.8662169758291175,2323.56,overlap_quote_fade_cancel_aggressive,cancel_aggressive|quote_fade,quote_fade,245.82934379577637,,,
1776997594.9082787,quote_fade,,2323.5550000000003,12.798496930731925,0.8662169758291175,,overlap_quote_fade_cancel_aggressive,cancel_aggressive|quote_fade,cancel_aggressive,245.82934379577637,0.5594875094398643,1.0329000174292482,-71.87262621285173
1776997595.161696,cancel_aggressive,buy,,,0.8662169758291175,2323.56,overlap_quote_fade_cancel_aggressive,cancel_aggressive|quote_fade,quote_fade,253.4172534942627,,,
1776997595.407558,cancel_aggressive,buy,,,0.8662169758291175,2323.56,overlap_quote_fade_cancel_aggressive,cancel_aggressive|quote_fade,quote_fade,499.279260635376,,,
1776997595.6600738,cancel_aggressive,buy,,,0.8662169758291175,2323.56,overlap_quote_fade_cancel_aggressive,cancel_aggressive|quote_fade,quote_fade,751.7950534820557,,,
1776997595.9076445,cancel_aggressive,buy,,,0.9228274967574578,2323.56,overlap_quote_fade_cancel_aggressive,cancel_aggressive|quote_fade,quote_fade,999.3658065795898,,,
1776997596.15788,cancel_aggressive,buy,,,0.9228274967574578,2323.56,single_cancel_aggressive,cancel_aggressive,,,,,
1776997596.4144154,cancel_aggressive,buy,,,0.84,2323.83,single_cancel_aggressive,cancel_aggressive,,,,,
1776997596.671103,cancel_aggressive,buy,,,0.84,2323.83,single_cancel_aggressive,cancel_aggressive,,,,,
1776997596.936753,cancel_aggressive,buy,,,0.84,2323.83,single_cancel_aggressive,cancel_aggressive,,,,,
1776997597.2025857,cancel_aggressive,buy,,,0.84,2323.83,overlap_quote_fade_cancel_aggressive,cancel_aggressive|quote_fade,quote_fade,762.3336315155029,,,
1776997597.4667017,cancel_aggressive,buy,,,0.84,2323.83,overlap_quote_fade_cancel_aggressive,cancel_aggressive|quote_fade,quote_fade,498.2175827026367,,,
1776997597.7087255,cancel_aggressive,sell,,,0.8579387186629527,2323.84,overlap_quote_fade_cancel_aggressive,cancel_aggressive|quote_fade,quote_fade,256.1938762664795,,,
1776997597.9649193,quote_fade,,2323.795,-3.6349714364385646,0.8579387186629527,,overlap_quote_fade_cancel_aggressive,cancel_aggressive|quote_fade,cancel_aggressive,242.16723442077637,0.0,-72.89799659608552,-72.89799659608552
1776997598.2070866,cancel_aggressive,sell,,,0.8579387186629527,2323.84,overlap_quote_fade_cancel_aggressive,cancel_aggressive|quote_fade,quote_fade,242.16723442077637,,,
1776997598.464494,cancel_aggressive,sell,,,0.8579387186629527,2323.84,overlap_quote_fade_cancel_aggressive,cancel_aggressive|quote_fade,quote_fade,499.5746612548828,,,
1776997598.7169256,cancel_aggressive,sell,,,0.8579387186629527,2323.84,overlap_quote_fade_cancel_aggressive,cancel_aggressive|quote_fade,quote_fade,752.0062923431396,,,
1776997598.980026,cancel_aggressive,buy,,,0.9957246686618212,2323.8,single_cancel_aggressive,cancel_aggressive,,,,,
1777003449.1121657,quote_fade,,2306.855,-4.311372056244321,0.9931690656257623,,overlap_quote_fade_cancel_aggressive,cancel_aggressive|quote_fade,cancel_aggressive,784.2414379119873,-0.563537803633558,0.17339624727156072,0.17339624727156072
1777003449.3652942,quote_fade,,2306.855,13.456292010217705,0.9931690656257623,,overlap_quote_fade_cancel_aggressive,cancel_aggressive|quote_fade,cancel_aggressive,531.1129093170166,-0.563537803633558,0.17339624727156072,0.17339624727156072
1777003449.8964071,cancel_aggressive,sell,,,0.9897710667316122,2306.72,overlap_quote_fade_cancel_aggressive,cancel_aggressive|quote_fade,quote_fade,531.1129093170166,,,
1777003450.1609304,cancel_aggressive,sell,,,0.9897710667316122,2306.72,overlap_quote_fade_cancel_aggressive,cancel_aggressive|quote_fade,quote_fade,795.6361770629883,,,
1777003450.3902032,cancel_aggressive,buy,,,0.7653227364296157,2306.73,single_cancel_aggressive,cancel_aggressive,,,,,
1777003450.6640885,cancel_aggressive,buy,,,0.7654514893499762,2306.81,overlap_quote_fade_cancel_aggressive,cancel_aggressive|quote_fade,quote_fade,993.9582347869873,,,
1777003450.8983524,cancel_aggressive,buy,,,0.7654514893499762,2306.81,overlap_quote_fade_cancel_aggressive,cancel_aggressive|quote_fade,quote_fade,759.6943378448486,,,
1777003451.16022,cancel_aggressive,buy,,,0.7654514893499762,2306.81,overlap_quote_fade_cancel_aggressive,cancel_aggressive|quote_fade,quote_fade,497.82681465148926,,,
1777003451.4006855,cancel_aggressive,buy,,,0.7654514893499762,2306.81,overlap_quote_fade_cancel_aggressive,cancel_aggressive|quote_fade,quote_fade,257.36117362976074,,,
1777003451.6580467,quote_fade,,2306.895,9.350295478015743,0.7654514893499762,,overlap_quote_fade_cancel_aggressive,cancel_aggressive|quote_fade,cancel_aggressive,241.1963939666748,0.0,0.0,0.0
1777003451.899243,cancel_aggressive,buy,,,0.7654514893499762,2306.81,overlap_quote_fade_cancel_aggressive,cancel_aggressive|quote_fade,quote_fade,241.1963939666748,,,
1777003452.1560996,cancel_aggressive,sell,,,0.7653055601476824,2306.89,overlap_quote_fade_cancel_aggressive,cancel_aggressive|quote_fade,quote_fade,498.05283546447754,,,
1777003452.3904948,cancel_aggressive,sell,,,0.7653055601476824,2306.89,overlap_quote_fade_cancel_aggressive,cancel_aggressive|quote_fade,quote_fade,279.16789054870605,,,
1777003452.6696627,quote_fade,,2306.895,-4.246330498835587,0.7653055601476824,,overlap_quote_fade_cancel_aggressive,cancel_aggressive|quote_fade,cancel_aggressive,265.58899879455566,0.0,0.0,0.0
1777003452.9352517,cancel_aggressive,sell,,,0.7653055601476824,2306.89,overlap_quote_fade_cancel_aggressive,cancel_aggressive|quote_fade,quote_fade,265.58899879455566,,,
1777003453.2024622,cancel_aggressive,sell,,,0.7653055601476824,2306.89,overlap_quote_fade_cancel_aggressive,cancel_aggressive|quote_fade,quote_fade,532.799482345581,,,
1777003453.4372318,cancel_aggressive,sell,,,0.7324201196268629,2306.89,overlap_quote_fade_cancel_aggressive,cancel_aggressive|quote_fade,quote_fade,767.5690650939941,,,
1777003453.7037723,cancel_aggressive,sell,,,0.7309716975289523,2306.89,single_cancel_aggressive,cancel_aggressive,,,,,
1777003453.9701104,cancel_aggressive,sell,,,0.7309716975289523,2306.89,single_cancel_aggressive,cancel_aggressive,,,,,
1777003454.2197213,cancel_aggressive,sell,,,0.7309716975289523,2306.89,overlap_quote_fade_cancel_aggressive,cancel_aggressive|quote_fade,quote_fade,783.9069366455078,,,
1777003454.4858541,cancel_aggressive,sell,,,0.7309716975289523,2306.89,overlap_quote_fade_cancel_aggressive,cancel_aggressive|quote_fade,quote_fade,517.7741050720215,,,
1777003454.751031,cancel_aggressive,sell,,,0.7309716975289523,2306.89,overlap_quote_fade_cancel_aggressive,cancel_aggressive|quote_fade,quote_fade,252.59733200073242,,,
1777003455.0036283,quote_fade,,2306.895,8.264677937866109,0.7312397410882958,,overlap_quote_fade_cancel_aggressive,cancel_aggressive|quote_fade,cancel_aggressive,242.45643615722656,0.0,0.0,0.0
1777003455.2460847,cancel_aggressive,sell,,,0.7312397410882958,2306.89,overlap_quote_fade_cancel_aggressive,cancel_aggressive|quote_fade,quote_fade,242.45643615722656,,,
1777003455.5027223,quote_fade,,2306.895,-5.04752909369758,0.7312397410882958,,overlap_quote_fade_cancel_aggressive,cancel_aggressive|quote_fade,cancel_aggressive,256.6375732421875,0.0,0.0,0.0
1777003455.7682912,cancel_aggressive,sell,,,0.7312397410882958,2306.89,overlap_quote_fade_cancel_aggressive,cancel_aggressive|quote_fade,quote_fade,265.56897163391113,,,
1777003456.0330882,cancel_aggressive,sell,,,0.7312397410882958,2306.89,overlap_quote_fade_cancel_aggressive,cancel_aggressive|quote_fade,quote_fade,530.3659439086914,,,
1777003456.2962427,cancel_aggressive,sell,,,0.7312397410882958,2306.89,overlap_quote_fade_cancel_aggressive,cancel_aggressive|quote_fade,quote_fade,793.520450592041,,,
1777003456.563461,cancel_aggressive,sell,,,0.7312397410882958,2306.89,overlap_quote_fade_cancel_aggressive,cancel_aggressive|quote_fade,quote_fade,528.52463722229,,,
1777003456.8274934,cancel_aggressive,sell,,,0.7312397410882958,2306.89,overlap_quote_fade_cancel_aggressive,cancel_aggressive|quote_fade,quote_fade,264.4922733306885,,,
1777003457.0919857,quote_fade,,2306.895,-5.285698502890021,0.7312397410882958,,overlap_quote_fade_cancel_aggressive,cancel_aggressive|quote_fade,cancel_aggressive,264.4922733306885,0.0,0.0,0.0
1777003457.3591526,cancel_aggressive,sell,,,0.7312397410882958,2306.89,overlap_quote_fade_cancel_aggressive,cancel_aggressive|quote_fade,quote_fade,267.1668529510498,,,
1777003457.6227062,cancel_aggressive,sell,,,-1.0,2306.89,overlap_quote_fade_cancel_aggressive,cancel_aggressive|quote_fade,quote_fade,530.7204723358154,,,
1777003457.9034488,cancel_aggressive,sell,,,-1.0,2306.89,overlap_quote_fade_cancel_aggressive,cancel_aggressive|quote_fade,quote_fade,811.4631175994873,,,
1777003458.1659417,cancel_aggressive,sell,,,-1.0,2306.89,single_cancel_aggressive,cancel_aggressive,,,,,
1777003458.4025776,cancel_aggressive,sell,,,-1.0,2306.89,overlap_quote_fade_cancel_aggressive,cancel_aggressive|quote_fade,quote_fade,794.4900989532471,,,
1777003458.6719413,cancel_aggressive,sell,,,-1.0,2306.89,overlap_quote_fade_cancel_aggressive,cancel_aggressive|quote_fade,quote_fade,525.1264572143555,,,
1777003458.9474437,cancel_aggressive,sell,,,-1.0,2306.89,overlap_quote_fade_cancel_aggressive,cancel_aggressive|quote_fade,quote_fade,249.62401390075684,,,
1777003459.1970677,quote_fade,,2306.895,5.725252919554401,-1.0,,overlap_quote_fade_cancel_aggressive,cancel_aggressive|quote_fade,cancel_aggressive,249.62401390075684,0.0,0.0,0.0
1777003459.454793,cancel_aggressive,sell,,,-1.0,2306.89,overlap_quote_fade_cancel_aggressive,cancel_aggressive|quote_fade,quote_fade,257.7252388000488,,,
1777003459.698405,cancel_aggressive,sell,,,-1.0,2306.89,overlap_quote_fade_cancel_aggressive,cancel_aggressive|quote_fade,quote_fade,263.9954090118408,,,
1777003459.9624004,quote_fade,,2306.895,12.69547780569941,-1.0,,overlap_quote_fade_cancel_aggressive,cancel_aggressive|quote_fade,cancel_aggressive,263.9954090118408,0.0,0.0,0.0
1777003460.1983204,quote_fade,,2306.895,12.69547780569941,-1.0,,overlap_quote_fade_cancel_aggressive,cancel_aggressive|quote_fade,cancel_aggressive,248.44980239868164,0.0,0.0,0.0
1777003460.4467702,cancel_aggressive,sell,,,-1.0,2306.89,overlap_quote_fade_cancel_aggressive,cancel_aggressive|quote_fade,quote_fade,248.44980239868164,,,
1777003460.6981804,cancel_aggressive,sell,,,-1.0,2306.89,overlap_quote_fade_cancel_aggressive,cancel_aggressive|quote_fade,quote_fade,499.8600482940674,,,
1777003460.945039,cancel_aggressive,sell,,,-1.0,2306.89,overlap_quote_fade_cancel_aggressive,cancel_aggressive|quote_fade,quote_fade,746.7186450958252,,,
1777003461.2037249,cancel_aggressive,sell,,,-1.0,2306.89,overlap_quote_fade_cancel_aggressive,cancel_aggressive|quote_fade,quote_fade,519.005298614502,,,
1777003461.4731674,cancel_aggressive,sell,,,-1.0,2306.89,overlap_quote_fade_cancel_aggressive,cancel_aggressive|quote_fade,quote_fade,249.56274032592773,,,
1777003461.7227302,quote_fade,,2306.895,-5.93519374941935,-1.0,,overlap_quote_fade_cancel_aggressive,cancel_aggressive|quote_fade,cancel_aggressive,249.56274032592773,0.0,0.0,0.0
1777003461.9731514,cancel_aggressive,sell,,,-1.0,2306.89,overlap_quote_fade_cancel_aggressive,cancel_aggressive|quote_fade,quote_fade,250.42128562927246,,,
1777003462.2384493,cancel_aggressive,sell,,,-1.0,2306.89,overlap_quote_fade_cancel_aggressive,cancel_aggressive|quote_fade,quote_fade,515.7191753387451,,,
1777003462.5018086,cancel_aggressive,sell,,,-1.0,2306.89,overlap_quote_fade_cancel_aggressive,cancel_aggressive|quote_fade,quote_fade,779.078483581543,,,
1777003462.7521589,cancel_aggressive,sell,,,-1.0,2306.89,single_cancel_aggressive,cancel_aggressive,,,,,
1777003462.987274,cancel_aggressive,sell,,,-1.0,2306.89,single_cancel_aggressive,cancel_aggressive,,,,,
1777003463.2502365,cancel_aggressive,sell,,,-1.0,2306.89,single_cancel_aggressive,cancel_aggressive,,,,,
1777003463.4994051,cancel_aggressive,sell,,,-1.0,2306.89,single_cancel_aggressive,cancel_aggressive,,,,,
1777003463.7542796,cancel_aggressive,sell,,,-1.0,2306.89,single_cancel_aggressive,cancel_aggressive,,,,,
1777003463.9983318,cancel_aggressive,sell,,,-1.0,2306.89,single_cancel_aggressive,cancel_aggressive,,,,,
1777003464.2717469,cancel_aggressive,sell,,,-1.0,2306.89,single_cancel_aggressive,cancel_aggressive,,,,,
1777003464.5392494,cancel_aggressive,sell,,,-1.0,2306.89,single_cancel_aggressive,cancel_aggressive,,,,,
1777003464.7883043,cancel_aggressive,sell,,,-1.0,2306.89,single_cancel_aggressive,cancel_aggressive,,,,,
1777003465.0434813,cancel_aggressive,sell,,,-1.0,2306.89,single_cancel_aggressive,cancel_aggressive,,,,,
1777003465.2999396,cancel_aggressive,sell,,,-1.0,2306.89,overlap_quote_fade_cancel_aggressive,cancel_aggressive|quote_fade,quote_fade,782.7496528625488,,,
1777003465.559149,cancel_aggressive,sell,,,-1.0,2306.89,overlap_quote_fade_cancel_aggressive,cancel_aggressive|quote_fade,quote_fade,523.5402584075928,,,
1777003465.820836,cancel_aggressive,sell,,,-1.0,2306.89,overlap_quote_fade_cancel_aggressive,cancel_aggressive|quote_fade,quote_fade,261.8532180786133,,,
1777003466.0826893,quote_fade,,2306.895,-4.960919221503881,-1.0,,overlap_quote_fade_cancel_aggressive,cancel_aggressive|quote_fade,cancel_aggressive,243.04819107055664,0.0,0.0,-2.2107638188984047
1777003466.3257375,cancel_aggressive,sell,,,-1.0,2306.89,overlap_quote_fade_cancel_aggressive,cancel_aggressive|quote_fade,quote_fade,243.04819107055664,,,
1777003466.5804682,cancel_aggressive,sell,,,-1.0,2306.89,overlap_quote_fade_cancel_aggressive,cancel_aggressive|quote_fade,quote_fade,246.03939056396484,,,
1777003466.8265076,quote_fade,,2306.895,-5.632106472805492,-1.0,,overlap_quote_fade_cancel_aggressive,cancel_aggressive|quote_fade,cancel_aggressive,246.03939056396484,0.0,0.0,-2.2107638188984047
1777003467.0960937,cancel_aggressive,sell,,,-1.0,2306.89,overlap_quote_fade_cancel_aggressive,cancel_aggressive|quote_fade,quote_fade,269.58608627319336,,,
1777003467.3603318,cancel_aggressive,sell,,,-1.0,2306.89,overlap_quote_fade_cancel_aggressive,cancel_aggressive|quote_fade,quote_fade,533.8242053985596,,,
1777003467.6292093,cancel_aggressive,sell,,,-1.0,2306.89,overlap_quote_fade_cancel_aggressive,cancel_aggressive|quote_fade,quote_fade,802.7017116546631,,,
1777003467.893281,cancel_aggressive,sell,,,-1.0,2306.89,overlap_quote_fade_cancel_aggressive,cancel_aggressive|quote_fade,quote_fade,761.9056701660156,,,
1777003468.1419065,cancel_aggressive,sell,,,-1.0,2306.89,overlap_quote_fade_cancel_aggressive,cancel_aggressive|quote_fade,quote_fade,513.2801532745361,,,
1777003468.3996096,cancel_aggressive,sell,,,-1.0,2306.89,overlap_quote_fade_cancel_aggressive,cancel_aggressive|quote_fade,quote_fade,255.57708740234375,,,
1777003468.6551867,quote_fade,,2306.895,-5.870248023394425,-1.0,,overlap_quote_fade_cancel_aggressive,cancel_aggressive|quote_fade,cancel_aggressive,244.30370330810547,0.0,-2.2107638188984047,28.479839784646305
1777003468.8994904,cancel_aggressive,sell,,,-1.0,2306.89,overlap_quote_fade_cancel_aggressive,cancel_aggressive|quote_fade,quote_fade,244.30370330810547,,,
1777003469.1552067,quote_fade,,2306.895,-3.358365797536437,-1.0,,overlap_quote_fade_cancel_aggressive,cancel_aggressive|quote_fade,cancel_aggressive,244.24481391906738,0.0,-2.2107638188984047,28.479839784646305
1777003469.3994515,cancel_aggressive,sell,,,-1.0,2306.89,overlap_quote_fade_cancel_aggressive,cancel_aggressive|quote_fade,quote_fade,244.24481391906738,,,
1777003469.6543105,quote_fade,,2306.895,6.5498821238090965,-1.0,,overlap_quote_fade_cancel_aggressive,cancel_aggressive|quote_fade,cancel_aggressive,249.9675750732422,0.0,-3.337819883436315,28.479839784646305
1777003469.904278,cancel_aggressive,sell,,,-1.0,2306.89,overlap_quote_fade_cancel_aggressive,cancel_aggressive|quote_fade,quote_fade,249.9675750732422,,,
1777003470.168993,cancel_aggressive,buy,,,0.5446428571428571,2306.9,overlap_quote_fade_cancel_aggressive,cancel_aggressive|quote_fade,quote_fade,232.48839378356934,,,
1777003470.4014814,quote_fade,,2306.895,9.0462988272334,0.5446428571428571,,overlap_quote_fade_cancel_aggressive,cancel_aggressive|quote_fade,cancel_aggressive,232.48839378356934,-2.2107638188984047,28.479839784646305,28.479839784646305
1777003470.6683648,cancel_aggressive,buy,,,0.5446428571428571,2306.9,overlap_quote_fade_cancel_aggressive,cancel_aggressive|quote_fade,quote_fade,266.88337326049805,,,
1777003470.9355352,cancel_aggressive,sell,,,-0.22899505766062567,2306.45,overlap_quote_fade_cancel_aggressive,cancel_aggressive|quote_fade,quote_fade,534.0538024902344,,,
1777003471.2000673,cancel_aggressive,sell,,,-0.22899505766062567,2306.45,overlap_quote_fade_cancel_aggressive,cancel_aggressive|quote_fade,quote_fade,798.5858917236328,,,
1777003471.4393876,cancel_aggressive,sell,,,-0.22899505766062567,2306.45,single_cancel_aggressive,cancel_aggressive,,,,,
1777003471.6998398,cancel_aggressive,sell,,,-0.22899505766062567,2306.45,single_cancel_aggressive,cancel_aggressive,,,,,
1777003471.942295,cancel_aggressive,sell,,,-0.22899505766062567,2306.45,single_cancel_aggressive,cancel_aggressive,,,,,
1777003472.1982296,cancel_aggressive,sell,,,-0.18110236220472395,2306.38,single_cancel_aggressive,cancel_aggressive,,,,,
1777003472.4642794,cancel_aggressive,buy,,,-0.18129496402877648,2306.13,single_cancel_aggressive,cancel_aggressive,,,,,
1777003472.704854,cancel_aggressive,buy,,,-0.18129496402877648,2306.13,single_cancel_aggressive,cancel_aggressive,,,,,
1777003472.9619842,cancel_aggressive,buy,,,-0.18129496402877648,2306.13,single_cancel_aggressive,cancel_aggressive,,,,,
1777009852.4613416,quote_fade,,2313.465,-12.692081048001537,0.8123200921128381,,overlap_quote_fade_cancel_aggressive,cancel_aggressive|quote_fade,cancel_aggressive,236.99307441711426,-0.21612602740988904,0.9077293151183888,0.17290082192712497
1777009852.6983347,cancel_aggressive,sell,2313.465,,0.8064269319051263,2313.46,overlap_quote_fade_cancel_aggressive,cancel_aggressive|quote_fade,quote_fade,236.99307441711426,-0.21612602740988904,0.9077293151183888,0.17290082192712497
1777009852.9433186,cancel_aggressive,sell,2313.465,,0.7725225225225225,2313.46,overlap_quote_fade_cancel_aggressive,cancel_aggressive|quote_fade,quote_fade,481.9769859313965,-0.21612602740988904,0.9077293151183888,0.17290082192712497
1777009853.1980543,cancel_aggressive,sell,2313.415,,0.77023988005997,2313.46,overlap_quote_fade_cancel_aggressive,cancel_aggressive|quote_fade,quote_fade,736.7126941680908,0.0,1.1238796324923037,0.3890352574014845
1777009853.4466324,cancel_aggressive,sell,2313.415,,0.77023988005997,2313.46,overlap_quote_fade_cancel_aggressive,cancel_aggressive|quote_fade,quote_fade,985.2907657623291,0.0,1.1238796324923037,-0.3025829779771851
1777009853.6934028,cancel_aggressive,sell,2313.415,,0.77023988005997,2313.46,single_cancel_aggressive,cancel_aggressive,,,0.0,0.4322613971136342,-0.3025829779771851
1777009853.942817,cancel_aggressive,sell,2313.415,,0.77023988005997,2313.46,single_cancel_aggressive,cancel_aggressive,,,0.0,0.3890352574014845,-0.3025829779771851
1777009854.1911104,cancel_aggressive,sell,2313.415,,0.77023988005997,2313.46,single_cancel_aggressive,cancel_aggressive,,,0.0,0.3890352574014845,-0.3025829779771851
1777009854.4380405,cancel_aggressive,sell,2313.415,,0.77023988005997,2313.46,single_cancel_aggressive,cancel_aggressive,,,0.5187136765340021,0.3890352574014845,-0.3025829779771851
1777009854.6895308,cancel_aggressive,sell,2313.415,,0.48241518829754104,2313.41,single_cancel_aggressive,cancel_aggressive,,,1.1238796324923037,0.3890352574014845,-1.296784191336971
1777009854.9417117,cancel_aggressive,sell,2313.415,,-0.16628741466830066,2313.41,single_cancel_aggressive,cancel_aggressive,,,1.1238796324923037,0.3890352574014845,-1.296784191336971
1777009855.198089,cancel_aggressive,sell,2313.415,,-0.16628741466830066,2313.41,single_cancel_aggressive,cancel_aggressive,,,1.1238796324923037,0.3890352574014845,-1.296784191336971
1777009855.4388707,cancel_aggressive,buy,2313.535,,-0.04772387766333891,2313.64,single_cancel_aggressive,cancel_aggressive,,,0.6051345668007073,-0.8212540549401667,-1.8154037003981907
1777009855.6990464,cancel_aggressive,sell,2313.675,,-0.026885447962407175,2313.67,single_cancel_aggressive,cancel_aggressive,,,-0.6915405145487351,-1.4263023112577489,-2.420391800924504
1777009855.9389098,cancel_aggressive,sell,2313.675,,-0.026885447962407175,2313.67,single_cancel_aggressive,cancel_aggressive,,,-0.7347617967090138,-1.4263023112577489,-2.636498211720001
1777009856.1983807,cancel_aggressive,sell,2313.675,,-0.026885447962407175,2313.67,single_cancel_aggressive,cancel_aggressive,,,-0.7347617967090138,-1.4263023112577489,-2.636498211720001
1777009856.4673188,cancel_aggressive,sell,2313.675,,-0.026885447962407175,2313.67,single_cancel_aggressive,cancel_aggressive,,,-0.7347617967090138,-1.4263023112577489,-2.636498211720001
1777009856.7310886,cancel_aggressive,sell,2313.5150000000003,,-0.02740991684632053,2313.61,single_cancel_aggressive,cancel_aggressive,,,-0.043224271293759824,-1.728970851715012,-1.9450922081779145
1777009856.9983969,cancel_aggressive,sell,2313.505,,-0.027859011851624906,2313.51,single_cancel_aggressive,cancel_aggressive,,,0.0,-1.6857538669695002,-1.901876157605255
1777009857.2759755,cancel_aggressive,sell,2313.505,,-0.027859011851624906,2313.51,single_cancel_aggressive,cancel_aggressive,,,0.0,-1.6857538669695002,-1.901876157605255
1777009857.5249314,cancel_aggressive,buy,2313.505,,-0.582257445992586,2313.51,single_cancel_aggressive,cancel_aggressive,,,-0.6915913300375598,-1.6857538669695002,-1.901876157605255
1777009857.7888687,cancel_aggressive,buy,2313.505,,-0.2112233886000196,2313.51,overlap_quote_fade_cancel_aggressive,cancel_aggressive|quote_fade,quote_fade,763.2753849029541,-0.6915913300375598,-1.6857538669695002,-1.901876157605255
1777009858.0541143,cancel_aggressive,buy,2313.505,,-0.2112233886000196,2313.51,overlap_quote_fade_cancel_aggressive,cancel_aggressive|quote_fade,quote_fade,498.0297088623047,-0.6915913300375598,-1.901876157605255,-1.901876157605255
1777009858.2974107,cancel_aggressive,buy,2313.505,,-0.2112233886000196,2313.51,overlap_quote_fade_cancel_aggressive,cancel_aggressive|quote_fade,quote_fade,254.73332405090332,-0.6915913300375598,-1.901876157605255,-1.901876157605255
1777009858.552144,quote_fade,,2313.3450000000003,-5.206195588775041,-0.3713436571249808,,overlap_quote_fade_cancel_aggressive,cancel_aggressive|quote_fade,cancel_aggressive,245.7270622253418,0.0,-1.2103685356062328,-1.2103685356062328
1777009858.797871,cancel_aggressive,sell,2313.3450000000003,,-0.3713436571249808,2313.43,overlap_quote_fade_cancel_aggressive,cancel_aggressive|quote_fade,quote_fade,245.7270622253418,-0.9942312971064536,-1.2103685356062328,-1.2103685356062328
1777009859.0552766,quote_fade,,2313.3450000000003,3.156599779904883,-0.37139282083365954,,overlap_quote_fade_cancel_aggressive,cancel_aggressive|quote_fade,cancel_aggressive,241.87612533569336,-0.9942312971064536,-1.2103685356062328,-1.4697332218071473
1777009859.2971528,cancel_aggressive,sell,2313.3450000000003,,-0.37139282083365954,2313.34,overlap_quote_fade_cancel_aggressive,cancel_aggressive|quote_fade,quote_fade,241.87612533569336,-0.9942312971064536,-1.2103685356062328,-1.4697332218071473
1777009859.5561452,cancel_aggressive,sell,2313.3450000000003,,-0.37139282083365954,2313.34,overlap_quote_fade_cancel_aggressive,cancel_aggressive|quote_fade,quote_fade,500.868558883667,-0.9942312971064536,-1.2103685356062328,-1.8155528034083663
1777009859.799652,cancel_aggressive,buy,2313.115,,0.32565911622725535,2313.12,overlap_quote_fade_cancel_aggressive,cancel_aggressive|quote_fade,quote_fade,744.375467300415,0.0,-0.21615872967719788,-0.8214031727761043
1777009860.0683506,cancel_aggressive,buy,2313.115,,0.32565911622725535,2313.12,single_cancel_aggressive,cancel_aggressive,,,-0.21615872967719788,-0.21615872967719788,-0.8214031727761043
1777009860.3169174,cancel_aggressive,sell,2313.115,,0.3218958281905697,2313.11,single_cancel_aggressive,cancel_aggressive,,,-0.21615872967719788,-0.21615872967719788,-0.8214031727761043
1777009860.5827806,cancel_aggressive,sell,2313.115,,0.3218958281905697,2313.11,single_cancel_aggressive,cancel_aggressive,,,-0.21615872967719788,-0.21615872967719788,-0.8214031727761043
1777009860.8306136,cancel_aggressive,sell,2313.115,,0.3218958281905697,2313.11,single_cancel_aggressive,cancel_aggressive,,,-0.21615872967719788,-0.21615872967719788,-0.8214031727761043
1777009861.094932,cancel_aggressive,sell,2313.065,,0.16003051106025895,2313.11,single_cancel_aggressive,cancel_aggressive,,,0.0,-0.2593960826865887,-0.605257526268707
1777009861.3583012,cancel_aggressive,sell,2313.065,,0.16003051106025895,2313.11,single_cancel_aggressive,cancel_aggressive,,,0.0,-0.2593960826865887,1.0808170111951025
1777009861.6220844,cancel_aggressive,sell,2313.065,,0.16003051106025895,2313.11,single_cancel_aggressive,cancel_aggressive,,,0.0,-0.605257526268707,1.0808170111951025
1777009861.892732,cancel_aggressive,sell,2313.065,,0.16003051106025895,2313.11,single_cancel_aggressive,cancel_aggressive,,,0.0,-0.605257526268707,1.0808170111951025
1777009862.1587582,cancel_aggressive,sell,2313.065,,0.16003051106025895,2313.11,single_cancel_aggressive,cancel_aggressive,,,0.0,-0.605257526268707,1.0808170111951025
1777009862.424266,cancel_aggressive,sell,2313.065,,0.16003051106025895,2313.11,single_cancel_aggressive,cancel_aggressive,,,0.0,-0.605257526268707,1.0808170111951025
1777009862.681261,cancel_aggressive,sell,2313.065,,0.15700445948023947,2313.06,single_cancel_aggressive,cancel_aggressive,,,0.0,-0.605257526268707,1.0808170111951025
1777009862.942764,cancel_aggressive,sell,2313.065,,0.13948205361199414,2313.06,single_cancel_aggressive,cancel_aggressive,,,0.0,-0.605257526268707,1.0808170111951025
1777009863.1978705,cancel_aggressive,sell,2313.065,,0.13948205361199414,2313.06,single_cancel_aggressive,cancel_aggressive,,,-0.2593960826865887,-0.605257526268707,1.0808170111951025
1777009863.4623997,cancel_aggressive,sell,2313.065,,0.13948205361199414,2313.06,single_cancel_aggressive,cancel_aggressive,,,-0.605257526268707,1.0808170111951025,1.0808170111951025
1777009863.6981878,cancel_aggressive,sell,2313.065,,0.13948205361199414,2313.06,single_cancel_aggressive,cancel_aggressive,,,-0.605257526268707,1.0808170111951025,1.0808170111951025
1777009863.9471166,cancel_aggressive,buy,2313.065,,0.8166226912928759,2313.07,single_cancel_aggressive,cancel_aggressive,,,-0.605257526268707,1.0808170111951025,1.0808170111951025
1777009864.197873,cancel_aggressive,sell,2313.005,,0.8118421052631579,2313.06,single_cancel_aggressive,cancel_aggressive,,,-0.34587041532520346,1.3402478593861467,1.3402478593861467
1777009864.4419806,cancel_aggressive,sell,2313.005,,0.8118421052631579,2313.06,single_cancel_aggressive,cancel_aggressive,,,-0.34587041532520346,1.3402478593861467,1.3402478593861467
1777009864.6953142,cancel_aggressive,sell,2312.925,,0.7320754716981132,2312.92,overlap_quote_fade_cancel_aggressive,cancel_aggressive|quote_fade,quote_fade,772.693395614624,0.0,1.686176594571258,1.686176594571258
1777009864.9594142,cancel_aggressive,sell,2312.925,,0.7320754716981132,2312.92,overlap_quote_fade_cancel_aggressive,cancel_aggressive|quote_fade,quote_fade,508.5933208465576,0.0,1.686176594571258,1.686176594571258
1777009865.1990957,cancel_aggressive,sell,2312.925,,0.7320754716981132,2312.92,overlap_quote_fade_cancel_aggressive,cancel_aggressive|quote_fade,quote_fade,268.91183853149414,0.0,1.686176594571258,1.686176594571258
1777009865.4680076,quote_fade,,2312.925,8.329727390740727,0.7320754716981132,,overlap_quote_fade_cancel_aggressive,cancel_aggressive|quote_fade,cancel_aggressive,255.52964210510254,1.686176594571258,1.686176594571258,1.686176594571258
1777009865.7235372,cancel_aggressive,sell,2312.925,,-0.9993775287892936,2312.92,overlap_quote_fade_cancel_aggressive,cancel_aggressive|quote_fade,quote_fade,255.52964210510254,1.686176594571258,1.686176594571258,1.686176594571258
1777009865.9690032,cancel_aggressive,buy,2312.925,,-0.9596330275229359,2312.93,overlap_quote_fade_cancel_aggressive,cancel_aggressive|quote_fade,quote_fade,500.9956359863281,1.686176594571258,1.686176594571258,1.686176594571258
1777009866.2310917,cancel_aggressive,sell,2312.925,,-0.9597928723728298,2312.92,overlap_quote_fade_cancel_aggressive,cancel_aggressive|quote_fade,quote_fade,763.0841732025146,1.686176594571258,1.686176594571258,1.686176594571258
1777009935.8374772,cancel_aggressive,sell,2313.315,,0.5217391304347826,2313.31,single_cancel_aggressive,cancel_aggressive,,,0.0,-0.3890520746208169,-0.3025960580386316
1777009936.087262,cancel_aggressive,sell,2313.315,,0.5217391304347826,2313.31,single_cancel_aggressive,cancel_aggressive,,,0.0,-0.3890520746208169,-0.3025960580386316
1777009936.335092,cancel_aggressive,sell,2313.315,,0.5217391304347826,2313.31,single_cancel_aggressive,cancel_aggressive,,,0.0,-0.3890520746208169,-0.3025960580386316
1777009936.5840614,cancel_aggressive,sell,2313.315,,0.5217391304347826,2313.31,single_cancel_aggressive,cancel_aggressive,,,0.0,-0.3890520746208169,-0.3025960580386316
1777009936.8334806,cancel_aggressive,buy,2313.315,,0.9070422535211268,2313.32,single_cancel_aggressive,cancel_aggressive,,,0.0,-0.3890520746208169,-0.3025960580386316
1777009937.0824172,cancel_aggressive,buy,2313.315,,0.9070422535211268,2313.32,single_cancel_aggressive,cancel_aggressive,,,0.0,-0.3890520746208169,-0.3025960580386316
1777009937.346167,cancel_aggressive,sell,2313.315,,0.11900826446280993,2313.31,single_cancel_aggressive,cancel_aggressive,,,0.0,-0.3890520746208169,-0.3025960580386316
1777009937.5952277,cancel_aggressive,sell,2313.315,,0.11900826446280993,2313.31,single_cancel_aggressive,cancel_aggressive,,,-0.3890520746208169,-0.3890520746208169,-0.3025960580386316
1777009937.8596818,cancel_aggressive,sell,2313.315,,0.11900826446280993,2313.31,single_cancel_aggressive,cancel_aggressive,,,-0.3890520746208169,-0.3025960580386316,-0.3025960580386316
1777009938.1206505,cancel_aggressive,sell,2313.315,,0.11900826446280993,2313.31,single_cancel_aggressive,cancel_aggressive,,,-0.3890520746208169,-0.3025960580386316,-0.3025960580386316
1777009938.3836288,cancel_aggressive,sell,2313.315,,0.112571898110107,2313.31,single_cancel_aggressive,cancel_aggressive,,,-0.3890520746208169,-0.3025960580386316,-0.3025960580386316
1777009938.6331913,cancel_aggressive,sell,2313.225,,0.112571898110107,2313.31,single_cancel_aggressive,cancel_aggressive,,,0.0,0.08645938030231305,0.08645938030231305
1777009938.8987148,cancel_aggressive,sell,2313.225,,0.112571898110107,2313.31,single_cancel_aggressive,cancel_aggressive,,,0.0,0.08645938030231305,1.080742253779896
1777009939.1469238,cancel_aggressive,sell,2313.225,,0.112571898110107,2313.31,single_cancel_aggressive,cancel_aggressive,,,0.0,0.08645938030231305,1.080742253779896
1777009939.3954122,cancel_aggressive,sell,2313.225,,0.112571898110107,2313.31,single_cancel_aggressive,cancel_aggressive,,,0.0,0.08645938030231305,1.7291876060482267
1777009939.6583474,cancel_aggressive,sell,2313.225,,0.112571898110107,2313.31,single_cancel_aggressive,cancel_aggressive,,,0.0,0.08645938030231305,1.7291876060482267
1777009939.9212933,cancel_aggressive,buy,2313.225,,0.11620294599018019,2313.23,overlap_quote_fade_cancel_aggressive,cancel_aggressive|quote_fade,quote_fade,779.7422409057617,0.08645938030231305,0.08645938030231305,1.7291876060482267
1777009940.1861145,cancel_aggressive,buy,2313.225,,0.11764705882352954,2313.23,overlap_quote_fade_cancel_aggressive,cancel_aggressive|quote_fade,quote_fade,514.9209499359131,0.08645938030231305,0.08645938030231305,1.7291876060482267
1777009940.4524045,cancel_aggressive,buy,2313.225,,0.11764705882352954,2313.23,overlap_quote_fade_cancel_aggressive,cancel_aggressive|quote_fade,quote_fade,248.63100051879883,0.08645938030231305,0.08645938030231305,1.7291876060482267
1777009940.7010355,quote_fade,,2313.225,-6.415490493410092,0.38276069921639555,,overlap_quote_fade_cancel_aggressive,cancel_aggressive|quote_fade,cancel_aggressive,248.63100051879883,0.08645938030231305,0.08645938030231305,1.7291876060482267
1777009940.9681478,cancel_aggressive,buy,2313.245,,0.5192034139402562,2313.25,overlap_quote_fade_cancel_aggressive,cancel_aggressive|quote_fade,quote_fade,267.11225509643555,0.0,0.9942742770437987,1.6427140229422699
1777009941.2276676,cancel_aggressive,buy,2313.245,,0.5192034139402562,2313.25,overlap_quote_fade_cancel_aggressive,cancel_aggressive|quote_fade,quote_fade,511.87586784362793,0.0,0.9942742770437987,1.6427140229422699
1777009941.4758058,cancel_aggressive,buy,2313.245,,0.5192034139402562,2313.25,overlap_quote_fade_cancel_aggressive,cancel_aggressive|quote_fade,quote_fade,263.73767852783203,0.0,1.6427140229422699,2.031777870481746
1777009941.7395434,quote_fade,,2313.245,5.904285689567718,0.5192034139402562,,overlap_quote_fade_cancel_aggressive,cancel_aggressive|quote_fade,cancel_aggressive,257.76124000549316,0.0,1.6427140229422699,1.6427140229422699
1777009941.9973047,cancel_aggressive,buy,2313.245,,0.5192034139402562,2313.25,overlap_quote_fade_cancel_aggressive,cancel_aggressive|quote_fade,quote_fade,257.76124000549316,0.0,1.6427140229422699,0.5187517967179908
1777009942.2662694,cancel_aggressive,buy,2313.245,,0.5192034139402562,2313.25,overlap_quote_fade_cancel_aggressive,cancel_aggressive|quote_fade,quote_fade,526.7260074615479,0.0,1.6427140229422699,0.5187517967179908
1777009942.5323277,cancel_aggressive,sell,2313.245,,-0.3890865954922895,2313.24,overlap_quote_fade_cancel_aggressive,cancel_aggressive|quote_fade,quote_fade,792.7842140197754,0.0,1.6427140229422699,0.5187517967179908
1777009942.797302,cancel_aggressive,sell,2313.245,,-0.3890865954922895,2313.24,single_cancel_aggressive,cancel_aggressive,,,0.0,1.6427140229422699,0.5187517967179908
1777009943.0618725,cancel_aggressive,sell,2313.245,,-0.3890865954922895,2313.24,single_cancel_aggressive,cancel_aggressive,,,0.9942742770437987,1.6427140229422699,0.5187517967179908
1777009943.3249984,cancel_aggressive,sell,2313.245,,-0.3890865954922895,2313.24,single_cancel_aggressive,cancel_aggressive,,,0.9942742770437987,1.6427140229422699,0.5187517967179908
1777009943.5894687,cancel_aggressive,sell,2313.245,,-0.3890865954922895,2313.24,single_cancel_aggressive,cancel_aggressive,,,1.6427140229422699,2.031777870481746,0.5187517967179908
1777009943.8524125,cancel_aggressive,buy,2313.245,,-0.18006430868167211,2313.32,single_cancel_aggressive,cancel_aggressive,,,1.6427140229422699,1.6427140229422699,0.5187517967179908
1777009944.1009786,cancel_aggressive,buy,2313.475,,-0.18006430868167211,2313.32,single_cancel_aggressive,cancel_aggressive,,,0.6483752796122324,-0.4754752050492326,-0.4754752050492326
1777009944.3620176,cancel_aggressive,buy,2313.475,,-0.18006430868167211,2313.32,single_cancel_aggressive,cancel_aggressive,,,0.6483752796122324,-0.4754752050492326,-0.4754752050492326
1777009944.6100178,cancel_aggressive,sell,2313.625,,0.7945842012497998,2313.62,overlap_quote_fade_cancel_aggressive,cancel_aggressive|quote_fade,quote_fade,754.9490928649902,0.0,-1.123777621698496,-1.123777621698496
1777009944.8740861,cancel_aggressive,sell,2313.625,,0.7938177353051091,2313.62,overlap_quote_fade_cancel_aggressive,cancel_aggressive|quote_fade,quote_fade,490.88072776794434,0.0,-1.123777621698496,-0.3025555135326985
1777009945.1160202,cancel_aggressive,sell,2313.625,,0.7938177353051091,2313.62,overlap_quote_fade_cancel_aggressive,cancel_aggressive|quote_fade,quote_fade,248.9466667175293,0.0,-1.123777621698496,-0.3025555135326985
1777009945.3649669,quote_fade,,2313.625,13.806923804392051,0.7359797384607433,,overlap_quote_fade_cancel_aggressive,cancel_aggressive|quote_fade,cancel_aggressive,248.9466667175293,0.0,-1.123777621698496,-0.3025555135326985
1777009945.607767,quote_fade,,2313.625,14.110324559107408,0.7359797384607433,,overlap_quote_fade_cancel_aggressive,cancel_aggressive|quote_fade,cancel_aggressive,491.7469024658203,0.38899994597285864,-1.123777621698496,-0.3025555135326985
1777009945.8787541,quote_fade,,2313.625,13.980293413031184,0.7359797384607433,,overlap_quote_fade_cancel_aggressive,cancel_aggressive|quote_fade,cancel_aggressive,249.41730499267578,0.0,-1.123777621698496,-0.3025555135326985
1777009946.1281714,cancel_aggressive,sell,2313.625,,0.7359797384607433,2313.62,overlap_quote_fade_cancel_aggressive,cancel_aggressive|quote_fade,quote_fade,249.41730499267578,-1.123777621698496,-1.123777621698496,-0.3025555135326985
1777009946.391072,cancel_aggressive,buy,2313.625,,0.7196597971867843,2313.63,overlap_quote_fade_cancel_aggressive,cancel_aggressive|quote_fade,quote_fade,512.3178958892822,-1.123777621698496,-1.123777621698496,-0.3025555135326985
1777009946.656338,cancel_aggressive,buy,2313.715,,0.7093264761151221,2313.72,overlap_quote_fade_cancel_aggressive,cancel_aggressive|quote_fade,quote_fade,777.5838375091553,-1.5127187229212058,-1.5127187229212058,-0.6915285590483464
1777009946.9150653,cancel_aggressive,sell,2313.625,,0.7080594949844341,2313.71,single_cancel_aggressive,cancel_aggressive,,,-1.123777621698496,-0.3025555135326985,-0.3025555135326985
1777009947.170095,cancel_aggressive,sell,2313.365,,0.6606293538313714,2313.4,single_cancel_aggressive,cancel_aggressive,,,0.0,0.8213144056407412,0.8213144056407412
1777009947.4236023,cancel_aggressive,sell,2313.365,,0.6606293538313714,2313.4,single_cancel_aggressive,cancel_aggressive,,,0.0,0.8213144056407412,0.8213144056407412
1777009947.6823335,cancel_aggressive,sell,2313.365,,0.6606293538313714,2313.4,overlap_quote_fade_cancel_aggressive,cancel_aggressive|quote_fade,quote_fade,776.4229774475098,0.0,0.8213144056407412,0.8213144056407412
1777009947.944778,cancel_aggressive,sell,2313.365,,0.6606293538313714,2313.4,overlap_quote_fade_cancel_aggressive,cancel_aggressive|quote_fade,quote_fade,513.9784812927246,0.0,0.8213144056407412,0.8213144056407412
1777009948.1927276,cancel_aggressive,buy,2313.365,,0.8211896106632948,2313.37,overlap_quote_fade_cancel_aggressive,cancel_aggressive|quote_fade,quote_fade,266.02888107299805,0.0,0.8213144056407412,0.8213144056407412
1777009948.4587564,quote_fade,,2313.365,4.692338298130142,0.8211896106632948,,overlap_quote_fade_cancel_aggressive,cancel_aggressive|quote_fade,cancel_aggressive,266.02888107299805,0.0,0.8213144056407412,0.8213144056407412
1777009948.6985412,quote_fade,,2313.365,7.289071151714297,0.8213402116123597,,overlap_quote_fade_cancel_aggressive,cancel_aggressive|quote_fade,cancel_aggressive,257.8585147857666,0.8213144056407412,0.8213144056407412,0.8213144056407412
1777009948.9563997,cancel_aggressive,buy,2313.365,,0.8213402116123597,2313.37,overlap_quote_fade_cancel_aggressive,cancel_aggressive|quote_fade,quote_fade,241.64271354675293,0.8213144056407412,0.8213144056407412,0.8213144056407412
1777009949.1980424,quote_fade,,2313.365,9.43239074327601,0.8213402116123597,,overlap_quote_fade_cancel_aggressive,cancel_aggressive|quote_fade,cancel_aggressive,241.64271354675293,0.8213144056407412,0.8213144056407412,0.8213144056407412
1777009949.4538393,quote_fade,,2313.365,7.548818577447379,0.8213402116123597,,overlap_quote_fade_cancel_aggressive,cancel_aggressive|quote_fade,cancel_aggressive,232.3131561279297,0.8213144056407412,0.8213144056407412,0.8213144056407412
1777009949.6861525,cancel_aggressive,buy,2313.365,,0.8213402116123597,2313.37,overlap_quote_fade_cancel_aggressive,cancel_aggressive|quote_fade,quote_fade,232.3131561279297,0.8213144056407412,0.8213144056407412,0.8213144056407412
1777009949.9488485,quote_fade,,2313.5550000000003,8.478993941412904,0.30946732801380233,,overlap_quote_fade_cancel_aggressive,cancel_aggressive|quote_fade,cancel_aggressive,251.5103816986084,0.0,0.0,0.0
1777009950.2003589,cancel_aggressive,buy,2313.5550000000003,,0.30946732801380233,2313.37,overlap_quote_fade_cancel_aggressive,cancel_aggressive|quote_fade,quote_fade,251.5103816986084,0.0,0.0,0.0
1777009950.458606,cancel_aggressive,buy,2313.5550000000003,,0.30946732801380233,2313.37,overlap_quote_fade_cancel_aggressive,cancel_aggressive|quote_fade,quote_fade,496.4606761932373,0.0,0.0,0.0
1777009950.6908467,cancel_aggressive,buy,2313.5550000000003,,0.30946732801380233,2313.37,overlap_quote_fade_cancel_aggressive,cancel_aggressive|quote_fade,quote_fade,264.2199993133545,0.0,0.0,0.043223523969663696
1777009950.9550667,quote_fade,,2313.5550000000003,6.769060419813708,0.30946732801380233,,overlap_quote_fade_cancel_aggressive,cancel_aggressive|quote_fade,cancel_aggressive,243.1502342224121,0.0,0.0,0.043223523969663696
1777009951.198217,cancel_aggressive,buy,2313.5550000000003,,0.30946732801380233,2313.37,overlap_quote_fade_cancel_aggressive,cancel_aggressive|quote_fade,quote_fade,243.1502342224121,0.0,0.0,0.043223523969663696
1777009951.4510171,cancel_aggressive,buy,2313.5550000000003,,0.30946732801380233,2313.37,overlap_quote_fade_cancel_aggressive,cancel_aggressive|quote_fade,quote_fade,495.95046043395996,0.0,0.0,0.043223523969663696
1777009951.7028434,cancel_aggressive,buy,2313.5550000000003,,0.30946732801380233,2313.37,overlap_quote_fade_cancel_aggressive,cancel_aggressive|quote_fade,quote_fade,747.7767467498779,0.0,0.0,0.043223523969663696
1777009951.9475105,cancel_aggressive,sell,2313.5550000000003,,0.45120226308345146,2313.55,overlap_quote_fade_cancel_aggressive,cancel_aggressive|quote_fade,quote_fade,992.4437999725342,0.0,0.0,0.043223523969663696
1777009952.1981633,cancel_aggressive,sell,2313.5550000000003,,0.45120226308345146,2313.55,single_cancel_aggressive,cancel_aggressive,,,0.0,0.0,0.043223523969663696
1777009952.4535656,cancel_aggressive,sell,2313.5550000000003,,0.45120226308345146,2313.55,single_cancel_aggressive,cancel_aggressive,,,0.0,0.0,0.043223523969663696
1777009952.700197,cancel_aggressive,buy,2313.5550000000003,,0.994949494949495,2313.56,single_cancel_aggressive,cancel_aggressive,,,0.0,0.043223523969663696,0.043223523969663696
1777009952.965215,cancel_aggressive,buy,2313.5550000000003,,0.994949494949495,2313.56,overlap_quote_fade_cancel_aggressive,cancel_aggressive|quote_fade,quote_fade,805.0746917724609,0.0,0.043223523969663696,0.043223523969663696
1777009953.2365887,cancel_aggressive,buy,2313.5550000000003,,0.994949494949495,2313.56,overlap_quote_fade_cancel_aggressive,cancel_aggressive|quote_fade,quote_fade,533.7009429931641,0.0,0.043223523969663696,0.043223523969663696
1777009953.4968822,cancel_aggressive,buy,2313.5550000000003,,0.994949494949495,2313.56,overlap_quote_fade_cancel_aggressive,cancel_aggressive|quote_fade,quote_fade,273.4074592590332,0.0,0.043223523969663696,0.043223523969663696
1777009953.7702897,quote_fade,,2313.5550000000003,14.457528844718546,0.994949494949495,,overlap_quote_fade_cancel_aggressive,cancel_aggressive|quote_fade,cancel_aggressive,269.5355415344238,0.0,0.043223523969663696,0.043223523969663696
1777009954.0398252,cancel_aggressive,buy,2313.5550000000003,,0.994949494949495,2313.56,overlap_quote_fade_cancel_aggressive,cancel_aggressive|quote_fade,quote_fade,269.5355415344238,0.0,0.043223523969663696,0.043223523969663696
1777009954.3003578,cancel_aggressive,buy,2313.5550000000003,,0.994949494949495,2313.56,overlap_quote_fade_cancel_aggressive,cancel_aggressive|quote_fade,quote_fade,530.0681591033936,0.0,0.043223523969663696,0.043223523969663696
1777009954.5542235,cancel_aggressive,buy,2313.5550000000003,,0.994949494949495,2313.56,overlap_quote_fade_cancel_aggressive,cancel_aggressive|quote_fade,quote_fade,745.3725337982178,0.043223523969663696,0.043223523969663696,0.043223523969663696
1777009954.7988255,cancel_aggressive,buy,2313.5550000000003,,0.994949494949495,2313.56,overlap_quote_fade_cancel_aggressive,cancel_aggressive|quote_fade,quote_fade,500.77056884765625,0.043223523969663696,0.043223523969663696,0.043223523969663696
1777009955.0514693,cancel_aggressive,buy,2313.5550000000003,,0.994949494949495,2313.56,overlap_quote_fade_cancel_aggressive,cancel_aggressive|quote_fade,quote_fade,248.12674522399902,0.043223523969663696,0.043223523969663696,0.043223523969663696
1777009955.299596,quote_fade,,2313.5550000000003,7.353402354387593,0.994949494949495,,overlap_quote_fade_cancel_aggressive,cancel_aggressive|quote_fade,cancel_aggressive,247.73335456848145,0.043223523969663696,0.043223523969663696,0.043223523969663696
1777009955.5473294,cancel_aggressive,buy,2313.5550000000003,,0.8811881188118811,2313.56,overlap_quote_fade_cancel_aggressive,cancel_aggressive|quote_fade,quote_fade,247.73335456848145,0.043223523969663696,0.043223523969663696,0.043223523969663696
1777009955.7995598,cancel_aggressive,buy,2313.565,,0.9508196721311475,2313.56,overlap_quote_fade_cancel_aggressive,cancel_aggressive|quote_fade,quote_fade,499.96376037597656,0.0,0.0,0.0
1777009956.0620203,cancel_aggressive,buy,2313.565,,0.9508196721311475,2313.56,overlap_quote_fade_cancel_aggressive,cancel_aggressive|quote_fade,quote_fade,762.4242305755615,0.0,0.0,0.0
1777009956.325298,cancel_aggressive,sell,2313.565,,0.9349593495934959,2313.56,overlap_quote_fade_cancel_aggressive,cancel_aggressive|quote_fade,quote_fade,990.3600215911865,0.0,0.0,0.0
1777009956.5892034,cancel_aggressive,sell,2313.565,,0.9349593495934959,2313.56,overlap_quote_fade_cancel_aggressive,cancel_aggressive|quote_fade,quote_fade,726.4547348022461,0.0,0.0,0.0
1777009956.837219,cancel_aggressive,buy,2313.565,,0.9329140461215932,2313.57,overlap_quote_fade_cancel_aggressive,cancel_aggressive|quote_fade,quote_fade,478.4390926361084,0.0,0.0,0.0
1777009957.0856216,cancel_aggressive,buy,2313.565,,0.9329140461215932,2313.57,overlap_quote_fade_cancel_aggressive,cancel_aggressive|quote_fade,quote_fade,230.03649711608887,0.0,0.0,0.0
1777009957.315658,quote_fade,,2313.565,3.372557328070703,0.9731843575418996,,overlap_quote_fade_cancel_aggressive,cancel_aggressive|quote_fade,cancel_aggressive,230.03649711608887,0.0,0.0,0.0
1777009957.5802975,cancel_aggressive,buy,2313.565,,0.9731843575418996,2313.57,overlap_quote_fade_cancel_aggressive,cancel_aggressive|quote_fade,quote_fade,264.63937759399414,0.0,0.0,0.0
1777009957.8464873,quote_fade,,2313.565,7.2451543974831285,0.3094867807153964,,overlap_quote_fade_cancel_aggressive,cancel_aggressive|quote_fade,cancel_aggressive,250.65159797668457,0.0,0.0,0.0
1777009958.097139,cancel_aggressive,sell,2313.565,,0.3094867807153964,2313.56,overlap_quote_fade_cancel_aggressive,cancel_aggressive|quote_fade,quote_fade,250.65159797668457,0.0,0.0,0.0
1777009958.3574524,cancel_aggressive,sell,2313.565,,0.3094867807153964,2313.56,overlap_quote_fade_cancel_aggressive,cancel_aggressive|quote_fade,quote_fade,510.96510887145996,0.0,0.0,-1.3399234514696818
1777009958.620249,cancel_aggressive,sell,2313.565,,0.3094867807153964,2313.56,overlap_quote_fade_cancel_aggressive,cancel_aggressive|quote_fade,quote_fade,773.7617492675781,0.0,0.0,-1.815380160056332
1777009958.884443,cancel_aggressive,sell,2313.565,,0.3094867807153964,2313.56,overlap_quote_fade_cancel_aggressive,cancel_aggressive|quote_fade,quote_fade,727.306604385376,0.0,0.0,-1.815380160056332
1777009959.1333406,cancel_aggressive,sell,2313.565,,0.3094867807153964,2313.56,overlap_quote_fade_cancel_aggressive,cancel_aggressive|quote_fade,quote_fade,478.4090518951416,0.0,0.0,-1.815380160056332
1777009959.3816895,cancel_aggressive,sell,2313.565,,0.30542635658914713,2313.56,overlap_quote_fade_cancel_aggressive,cancel_aggressive|quote_fade,quote_fade,230.06010055541992,0.0,0.0,-1.815380160056332
1777009959.6117496,quote_fade,,2313.565,-3.003119787751435,0.30542635658914713,,overlap_quote_fade_cancel_aggressive,cancel_aggressive|quote_fade,cancel_aggressive,230.06010055541992,0.0,0.0,-1.815380160056332
1777009959.862968,quote_fade,,2313.565,-5.119343341613329,0.30542635658914713,,overlap_quote_fade_cancel_aggressive,cancel_aggressive|quote_fade,cancel_aggressive,248.4135627746582,0.0,0.0,0.1296700114334375
1777009960.1113815,cancel_aggressive,buy,2313.565,,0.32223903177004526,2313.57,overlap_quote_fade_cancel_aggressive,cancel_aggressive|quote_fade,quote_fade,248.4135627746582,0.0,0.0,0.1296700114334375
1777009960.377483,cancel_aggressive,buy,2313.565,,0.32223903177004526,2313.57,overlap_quote_fade_cancel_aggressive,cancel_aggressive|quote_fade,quote_fade,514.5149230957031,0.0,-1.3399234514696818,0.1296700114334375
1777009960.6425078,cancel_aggressive,buy,2313.565,,0.32223903177004526,2313.57,overlap_quote_fade_cancel_aggressive,cancel_aggressive|quote_fade,quote_fade,779.5398235321045,0.0,-1.815380160056332,0.1296700114334375
1777009960.9006486,cancel_aggressive,buy,2313.565,,0.32223903177004526,2313.57,single_cancel_aggressive,cancel_aggressive,,,0.0,-1.815380160056332,0.1296700114334375
1777009961.1547728,cancel_aggressive,buy,2313.565,,0.32223903177004526,2313.57,overlap_quote_fade_cancel_aggressive,cancel_aggressive|quote_fade,quote_fade,807.5177669525146,0.0,-1.815380160056332,0.1296700114334375
1777009961.4247031,cancel_aggressive,buy,2313.565,,0.32223903177004526,2313.57,overlap_quote_fade_cancel_aggressive,cancel_aggressive|quote_fade,quote_fade,537.5874042510986,0.0,-1.815380160056332,0.1296700114334375
1777009961.6961992,cancel_aggressive,buy,2313.565,,0.32223903177004526,2313.57,overlap_quote_fade_cancel_aggressive,cancel_aggressive|quote_fade,quote_fade,266.09134674072266,0.0,-1.815380160056332,-0.3457866971551782
1777009961.9622905,quote_fade,,2313.565,-5.961264738471579,0.019079685746352406,,overlap_quote_fade_cancel_aggressive,cancel_aggressive|quote_fade,cancel_aggressive,236.4046573638916,0.0,0.1296700114334375,-0.3457866971551782
1777009962.1986952,cancel_aggressive,sell,2313.565,,0.019079685746352406,2313.56,overlap_quote_fade_cancel_aggressive,cancel_aggressive|quote_fade,quote_fade,236.4046573638916,-1.3399234514696818,0.1296700114334375,-0.3457866971551782
1777009962.4405484,cancel_aggressive,sell,2313.565,,0.25751072961373384,2313.56,overlap_quote_fade_cancel_aggressive,cancel_aggressive|quote_fade,quote_fade,478.2578945159912,-1.815380160056332,0.1296700114334375,-0.3457866971551782
1777009962.691229,cancel_aggressive,buy,2313.565,,0.03531598513011143,2313.57,overlap_quote_fade_cancel_aggressive,cancel_aggressive|quote_fade,quote_fade,728.9385795593262,-1.815380160056332,0.1296700114334375,-0.3457866971551782
1777009962.9383738,cancel_aggressive,buy,2313.565,,0.7283582089552239,2313.57,overlap_quote_fade_cancel_aggressive,cancel_aggressive|quote_fade,quote_fade,976.0832786560059,-1.815380160056332,0.1296700114334375,-0.3457866971551782
1777009963.1978655,cancel_aggressive,buy,2313.565,,0.7283582089552239,2313.57,single_cancel_aggressive,cancel_aggressive,,,-1.815380160056332,0.1296700114334375,-0.3457866971551782
1777009963.4397418,cancel_aggressive,sell,2313.255,,-0.5739514348785876,2313.25,single_cancel_aggressive,cancel_aggressive,,,-0.47552042468351874,1.4697904035661675,0.994269978880683
1777009963.7017224,cancel_aggressive,sell,2313.145,,-0.5739514348785876,2313.25,single_cancel_aggressive,cancel_aggressive,,,0.0,1.469860298423535,1.469860298423535
1777009963.9672563,cancel_aggressive,sell,2313.145,,-0.5739514348785876,2313.25,single_cancel_aggressive,cancel_aggressive,,,1.945403336151745,1.469860298423535,1.469860298423535
1777009964.2186313,cancel_aggressive,sell,2313.145,,-0.5739514348785876,2313.25,single_cancel_aggressive,cancel_aggressive,,,1.945403336151745,1.469860298423535,1.469860298423535
1777009964.49048,cancel_aggressive,sell,2313.145,,0.11075036075036034,2313.14,single_cancel_aggressive,cancel_aggressive,,,1.945403336151745,1.469860298423535,1.469860298423535
1777009964.7399204,cancel_aggressive,buy,2313.145,,0.23268482490272321,2313.35,single_cancel_aggressive,cancel_aggressive,,,1.945403336151745,1.469860298423535,
1777009964.9984481,cancel_aggressive,buy,2313.5950000000003,,0.27680798004987445,2313.57,single_cancel_aggressive,cancel_aggressive,,,0.0,-0.47545054342087556,
1777009965.2649593,cancel_aggressive,buy,2313.5950000000003,,0.27680798004987445,2313.57,single_cancel_aggressive,cancel_aggressive,,,0.0,-0.47545054342087556,
1777009965.530663,cancel_aggressive,sell,2313.5950000000003,,0.27283441367118355,2313.59,single_cancel_aggressive,cancel_aggressive,,,0.0,-0.47545054342087556,
1777009965.7982183,cancel_aggressive,sell,2313.5950000000003,,0.27283441367118355,2313.59,single_cancel_aggressive,cancel_aggressive,,,-0.47545054342087556,-0.47545054342087556,
1777009966.0567157,cancel_aggressive,buy,2313.5950000000003,,0.27846806022511245,2313.6,single_cancel_aggressive,cancel_aggressive,,,-0.47545054342087556,-0.47545054342087556,
1777009966.2971952,cancel_aggressive,buy,2313.5950000000003,,0.27846806022511245,2313.6,single_cancel_aggressive,cancel_aggressive,,,-0.47545054342087556,-0.47545054342087556,
1777009966.5316405,cancel_aggressive,buy,2313.5950000000003,,0.27846806022511245,2313.6,single_cancel_aggressive,cancel_aggressive,,,-0.47545054342087556,-0.47545054342087556,
1777009966.7973645,cancel_aggressive,sell,2313.4849999999997,,0.2777209642074497,2313.5,overlap_quote_fade_cancel_aggressive,cancel_aggressive|quote_fade,quote_fade,761.3012790679932,0.0,,
1777009967.056645,cancel_aggressive,sell,2313.4849999999997,,0.2777209642074497,2313.5,overlap_quote_fade_cancel_aggressive,cancel_aggressive|quote_fade,quote_fade,502.02083587646484,0.0,,
1777009967.2920427,cancel_aggressive,buy,2313.4849999999997,,0.2807451608208402,2313.49,overlap_quote_fade_cancel_aggressive,cancel_aggressive|quote_fade,quote_fade,266.62302017211914,0.0,,
1777009967.5586658,quote_fade,,2313.4849999999997,-6.0694028657977475,0.2410783855384124,,overlap_quote_fade_cancel_aggressive,cancel_aggressive|quote_fade,cancel_aggressive,262.29286193847656,0.0,,
1777009967.8209586,cancel_aggressive,buy,2313.4849999999997,,0.2410783855384124,2313.49,overlap_quote_fade_cancel_aggressive,cancel_aggressive|quote_fade,quote_fade,262.29286193847656,0.0,,
1777009968.086695,quote_fade,,2313.4849999999997,-5.464953018685938,0.2410783855384124,,overlap_quote_fade_cancel_aggressive,cancel_aggressive|quote_fade,cancel_aggressive,226.4711856842041,0.0,,
1777009968.3131661,cancel_aggressive,buy,2313.4849999999997,,0.2410783855384124,2313.49,overlap_quote_fade_cancel_aggressive,cancel_aggressive|quote_fade,quote_fade,226.4711856842041,0.0,,
1777009968.588177,quote_fade,,2313.4849999999997,17.992231513035147,0.8190386427898209,,overlap_quote_fade_cancel_aggressive,cancel_aggressive|quote_fade,cancel_aggressive,246.52981758117676,0.0,,
1777009968.8347068,cancel_aggressive,buy,2313.4849999999997,,0.8232044198895028,2313.49,overlap_quote_fade_cancel_aggressive,cancel_aggressive|quote_fade,quote_fade,246.52981758117676,,,
1777009969.0976348,cancel_aggressive,buy,2313.4849999999997,,0.8232044198895028,2313.49,overlap_quote_fade_cancel_aggressive,cancel_aggressive|quote_fade,quote_fade,509.4578266143799,,,
1777009969.362245,cancel_aggressive,buy,2313.4849999999997,,0.8232044198895028,2313.49,overlap_quote_fade_cancel_aggressive,cancel_aggressive|quote_fade,quote_fade,266.5824890136719,,,
1777009969.6288276,quote_fade,,2313.4849999999997,-4.147862662541089,0.8232044198895028,,overlap_quote_fade_cancel_aggressive,cancel_aggressive|quote_fade,cancel_aggressive,266.5824890136719,,,
